-- phpMyAdmin SQL Dump
-- version 4.4.13.1deb1
-- http://www.phpmyadmin.net
--
-- Host: localhost
-- Generation Time: Jan 05, 2016 at 02:05 AM
-- Server version: 5.6.27-0ubuntu1
-- PHP Version: 5.6.11-1ubuntu3.1

SET SQL_MODE = "NO_AUTO_VALUE_ON_ZERO";
SET time_zone = "+00:00";


/*!40101 SET @OLD_CHARACTER_SET_CLIENT=@@CHARACTER_SET_CLIENT */;
/*!40101 SET @OLD_CHARACTER_SET_RESULTS=@@CHARACTER_SET_RESULTS */;
/*!40101 SET @OLD_COLLATION_CONNECTION=@@COLLATION_CONNECTION */;
/*!40101 SET NAMES utf8mb4 */;

--
-- Database: `Nels_db`
--

-- --------------------------------------------------------

--
-- Table structure for table `Categories_td`
--

CREATE TABLE IF NOT EXISTS `Categories_td` (
  `id` int(11) NOT NULL,
  `Category_name` char(150) DEFAULT NULL
) ENGINE=InnoDB AUTO_INCREMENT=13 DEFAULT CHARSET=latin1;

--
-- Dumping data for table `Categories_td`
--

INSERT INTO `Categories_td` (`id`, `Category_name`) VALUES
(1, 'Short_Life_Groceries'),
(2, 'Tinned_Food'),
(3, 'Beverages'),
(4, 'Long_Life_Groceries'),
(5, 'Toiletries'),
(6, 'Fruit'),
(7, 'Luxuries'),
(8, 'Novelty_Goods'),
(9, 'Fast foods'),
(11, 'Chips');

-- --------------------------------------------------------

--
-- Table structure for table `Products_td`
--

CREATE TABLE IF NOT EXISTS `Products_td` (
  `id` int(11) NOT NULL,
  `Product_name` char(30) DEFAULT NULL,
  `Category_id` int(11) DEFAULT NULL
) ENGINE=InnoDB AUTO_INCREMENT=133 DEFAULT CHARSET=latin1;

--
-- Dumping data for table `Products_td`
--

INSERT INTO `Products_td` (`id`, `Product_name`, `Category_id`) VALUES
(6, 'Fanta 500ml', 3),
(7, 'Coke 500ml', 3),
(10, 'Top Class Soya Mince', 3),
(12, 'Soap Bar', 5),
(13, 'Bananas - loose', 6),
(14, 'Apples - loose', 6),
(15, 'Mixed Sweets 5s', 7),
(16, 'Heart Chocolates', 7),
(17, 'Rose (plastic)', 8),
(18, 'Valentine Cards', 8),
(84, 'Milk 1l', 1),
(86, 'Bread', 1),
(87, 'Chakalaka Can', 5),
(88, 'Gold Dish Vegetable Curry Can', 2),
(89, 'Fanta 500ml', 3),
(90, 'Coke 500ml', 3),
(123, 'duck', 1),
(124, 'Gusha', 1),
(125, 'Mswenkee', 5),
(127, 'galo_rec', 4),
(129, 'Packages', 8),
(130, 'Amazambane', 3),
(131, 'juh', 1),
(132, 'new', 3);

-- --------------------------------------------------------

--
-- Table structure for table `Purchases_td`
--

CREATE TABLE IF NOT EXISTS `Purchases_td` (
  `id` int(11) NOT NULL,
  `Purchases_date` date DEFAULT NULL,
  `Product_id` int(11) DEFAULT NULL,
  `qTy` int(11) DEFAULT NULL,
  `Supplier_id` int(11) DEFAULT NULL,
  `product_price` char(15) DEFAULT NULL
) ENGINE=InnoDB AUTO_INCREMENT=154 DEFAULT CHARSET=latin1;

--
-- Dumping data for table `Purchases_td`
--

INSERT INTO `Purchases_td` (`id`, `Purchases_date`, `Product_id`, `qTy`, `Supplier_id`, `product_price`) VALUES
(1, '2015-01-23', 4, 3, 1, '7.00'),
(2, '2015-01-23', 7, 3, 1, '3.50'),
(3, '2015-01-23', 8, 4, 1, '4.50'),
(4, '2015-01-23', 6, 2, 1, '4.50'),
(5, '2015-01-23', 5, 2, 1, '5.00'),
(6, '2015-01-23', 2, 1, 1, '17.00'),
(7, '2015-01-23', 9, 3, 1, '20.00'),
(8, '2015-01-23', 1, 4, 1, '7.00'),
(9, '2015-01-23', 10, 5, 1, '8.00'),
(10, '2015-01-28', 13, 4, 2, '1.00'),
(11, '2015-01-28', 14, 10, 2, '1.50'),
(12, '2015-01-28', 15, 60, 2, '3.00'),
(13, '2015-01-28', 11, 1, 3, '20.00'),
(14, '2015-01-28', 12, 3, 3, '3.00'),
(15, '2015-01-28', 3, 30, 1, '9.00'),
(16, '2015-01-28', 4, 15, 1, '7.00'),
(17, '2015-01-28', 7, 36, 1, '3.50'),
(18, '2015-01-28', 8, 24, 1, '4.50'),
(19, '2015-01-28', 6, 24, 1, '4.50'),
(20, '2015-01-28', 5, 15, 1, '5.00'),
(21, '2015-01-28', 2, 15, 1, '17.00'),
(22, '2015-01-28', 9, 15, 1, '20.00'),
(23, '2015-01-28', 1, 25, 1, '7.00'),
(24, '2015-01-28', 10, 10, 1, '8.00'),
(25, '2015-02-02', 11, 1, 3, '20.00'),
(26, '2015-02-02', 12, 3, 3, '3.00'),
(27, '2015-02-03', 13, 12, 2, '1.00'),
(28, '2015-02-03', 14, 100, 2, '1.50'),
(29, '2015-02-03', 15, 240, 2, '3.00'),
(30, '2015-02-04', 11, 2, 3, '20.00'),
(31, '2015-02-04', 12, 5, 3, '3.00'),
(32, '2015-02-04', 3, 4, 4, '11.00'),
(33, '2015-02-04', 2, 4, 4, '24.00'),
(34, '2015-02-06', 13, 8, 2, '1.00'),
(35, '2015-02-06', 14, 100, 2, '1.50'),
(36, '2015-02-06', 15, 150, 2, '3.00'),
(37, '2015-02-06', 12, 5, 3, '3.00'),
(38, '2015-02-06', 3, 30, 1, '9.00'),
(39, '2015-02-06', 4, 15, 1, '7.00'),
(40, '2015-02-06', 7, 36, 1, '3.50'),
(41, '2015-02-06', 8, 18, 1, '4.50'),
(42, '2015-02-06', 6, 24, 1, '4.50'),
(43, '2015-02-06', 5, 15, 1, '5.00'),
(44, '2015-02-06', 2, 25, 1, '17.00'),
(45, '2015-02-06', 9, 5, 1, '20.00'),
(46, '2015-02-06', 1, 10, 1, '7.00'),
(47, '2015-02-06', 10, 10, 1, '8.00'),
(48, '2015-02-09', 17, 20, 5, '10.00'),
(49, '2015-02-09', 1, 3, 4, '9.50'),
(50, '2015-02-10', 13, 4, 2, '1.00'),
(51, '2015-02-10', 14, 20, 2, '1.50'),
(52, '2015-02-10', 15, 150, 2, '3.00'),
(53, '2015-02-10', 3, 10, 1, '9.00'),
(54, '2015-02-10', 4, 15, 1, '7.00'),
(55, '2015-02-10', 7, 18, 1, '3.50'),
(56, '2015-02-10', 5, 5, 1, '5.00'),
(57, '2015-02-10', 16, 20, 1, '25.00'),
(58, '2015-02-10', 2, 10, 1, '17.00'),
(59, '2015-02-10', 9, 5, 1, '20.00'),
(60, '2015-02-10', 1, 10, 1, '7.00'),
(61, '2015-02-10', 10, 15, 1, '8.00'),
(62, '2015-02-11', 11, 2, 3, '20.00'),
(63, '2015-02-11', 18, 20, 3, '2.00'),
(64, '2015-02-12', 1, 3, 4, '9.50'),
(65, '2015-02-13', 13, 4, 2, '1.00'),
(66, '2015-02-13', 15, 50, 2, '3.00'),
(67, '2015-02-13', 11, 3, 3, '20.00'),
(68, '2015-02-13', 12, 5, 3, '3.00'),
(69, '2015-02-13', 5, 5, 4, '8.50'),
(70, '2015-02-13', 3, 5, 1, '9.00'),
(71, '2015-02-13', 7, 12, 1, '3.50'),
(72, '2015-02-13', 6, 12, 1, '4.50'),
(73, '2015-02-13', 2, 20, 1, '17.00'),
(74, '2015-02-13', 1, 15, 1, '7.00'),
(75, '2015-02-13', 10, 5, 1, '8.00'),
(76, '2015-02-14', 11, 1, 3, '20.00'),
(77, '2015-02-14', 5, 2, 4, '8.50'),
(78, '2015-02-16', 4, 2, 4, '8.50'),
(79, '2015-02-16', 8, 2, 4, '7.50'),
(80, '2015-02-16', 6, 1, 4, '6.50'),
(81, '2015-02-16', 5, 2, 4, '8.50'),
(82, '2015-02-16', 9, 1, 4, '30.00'),
(83, '2015-02-16', 1, 6, 4, '9.50'),
(84, '2015-02-17', 14, 60, 2, '1.50'),
(85, '2015-02-17', 15, 12, 2, '3.00'),
(86, '2015-02-17', 3, 15, 1, '9.00'),
(87, '2015-02-17', 4, 10, 1, '7.00'),
(88, '2015-02-17', 7, 24, 1, '3.50'),
(89, '2015-02-17', 8, 12, 1, '4.50'),
(90, '2015-02-17', 6, 12, 1, '4.50'),
(91, '2015-02-17', 5, 10, 1, '5.00'),
(92, '2015-02-17', 2, 15, 1, '17.00'),
(93, '2015-02-17', 9, 5, 1, '20.00'),
(94, '2015-02-17', 1, 15, 1, '7.00'),
(95, '2015-02-17', 10, 5, 1, '8.00'),
(96, '2015-02-18', 11, 1, 3, '20.00'),
(97, '2015-02-18', 12, 5, 3, '3.00'),
(98, '2015-02-19', 11, 2, 3, '20.00'),
(99, '2015-02-19', 1, 1, 4, '9.50'),
(100, '2015-02-20', 13, 20, 2, '1.00'),
(101, '2015-02-20', 14, 90, 2, '1.50'),
(102, '2015-02-20', 15, 20, 2, '3.00'),
(103, '2015-02-20', 11, 2, 3, '20.00'),
(104, '2015-02-20', 12, 3, 3, '3.00'),
(105, '2015-02-20', 3, 10, 1, '9.00'),
(106, '2015-02-20', 2, 10, 1, '17.00'),
(107, '2015-02-20', 9, 5, 1, '20.00'),
(108, '2015-02-20', 1, 15, 1, '7.00'),
(109, '2015-02-20', 10, 10, 1, '8.00'),
(110, '2015-02-23', 4, 3, 4, '9.00'),
(111, '2015-02-24', 13, 10, 2, '1.00'),
(112, '2015-02-24', 14, 90, 2, '1.50'),
(113, '2015-02-24', 15, 8, 2, '3.00'),
(114, '2015-02-24', 3, 15, 1, '9.00'),
(115, '2015-02-24', 4, 10, 1, '7.00'),
(116, '2015-02-24', 7, 18, 1, '3.50'),
(117, '2015-02-24', 8, 6, 1, '4.50'),
(118, '2015-02-24', 6, 6, 1, '4.50'),
(119, '2015-02-24', 5, 10, 1, '5.00'),
(120, '2015-02-24', 2, 15, 1, '17.00'),
(121, '2015-02-24', 1, 20, 1, '7.00'),
(122, '2015-02-24', 10, 15, 1, '8.00'),
(123, '2015-02-25', 12, 5, 3, '3.00'),
(124, '2015-02-26', 11, 2, 3, '20.00'),
(125, '2015-02-26', 12, 5, 3, '3.00'),
(126, '2015-02-26', 3, 1, 4, '11.00'),
(127, '2015-02-26', 6, 2, 4, '6.50'),
(128, '2015-02-26', 5, 1, 4, '8.50'),
(129, '2015-02-26', 9, 1, 4, '30.00'),
(130, '2015-02-27', 13, 10, 2, '1.00'),
(131, '2015-02-27', 14, 60, 2, '1.50'),
(132, '2015-02-27', 11, 5, 3, '20.00'),
(133, '2015-02-27', 12, 5, 3, '3.00'),
(134, '2015-02-27', 3, 20, 1, '9.00'),
(135, '2015-02-27', 4, 15, 1, '7.00'),
(136, '2015-02-27', 7, 24, 1, '3.50'),
(137, '2015-02-27', 8, 12, 1, '4.50'),
(138, '2015-02-27', 6, 12, 1, '4.50'),
(139, '2015-02-27', 5, 15, 1, '5.00'),
(140, '2015-02-27', 2, 15, 1, '17.00'),
(141, '2015-02-27', 9, 10, 1, '20.00'),
(142, '2015-02-27', 1, 20, 1, '7.00'),
(143, '2015-02-27', 10, 15, 1, '8.00'),
(144, '2015-02-28', 11, 2, 3, '20.00'),
(145, '2015-02-28', 12, 3, 3, '3.00'),
(146, '2015-02-28', 4, 3, 4, '8.50'),
(147, '2015-02-28', 5, 2, 4, '8.50'),
(148, '2015-02-28', 10, 5, 4, '11.00'),
(149, '2015-03-01', 11, 2, 3, '20.00'),
(150, '2015-03-01', 12, 5, 3, '3.00'),
(151, '2015-03-01', 4, 3, 4, '8.50'),
(152, '2015-03-01', 5, 2, 4, '8.50'),
(153, '2015-03-01', 10, 3, 4, '11.00');

-- --------------------------------------------------------

--
-- Table structure for table `sales_csv`
--

CREATE TABLE IF NOT EXISTS `sales_csv` (
  `day` varchar(20) NOT NULL,
  `date` date NOT NULL,
  `stock_item` varchar(45) NOT NULL,
  `no_sold` int(11) NOT NULL,
  `sales_price` decimal(10,2) NOT NULL
) ENGINE=InnoDB DEFAULT CHARSET=latin1;

--
-- Dumping data for table `sales_csv`
--

INSERT INTO `sales_csv` (`day`, `date`, `stock_item`, `no_sold`, `sales_price`) VALUES
('Sunday', '2015-02-01', 'Milk 1l', 3, 10.00),
('Sunday', '2015-02-01', 'Imasi', 1, 25.00),
('Sunday', '2015-02-01', 'Bread', 2, 12.00),
('Sunday', '2015-02-01', 'Chakalaka Can', 3, 10.00),
('Sunday', '2015-02-01', 'Gold Dish Vegetable Curry Can', 2, 9.00),
('Sunday', '2015-02-01', 'Fanta 500ml', 3, 6.50),
('Sunday', '2015-02-01', 'Coke 500ml', 2, 6.50),
('Sunday', '2015-02-01', 'Cream Soda 500ml', 2, 7.50),
('Sunday', '2015-02-01', 'Iwisa Pap 5kg', 0, 30.00),
('Sunday', '2015-02-01', 'Top Class Soy Mince', 2, 12.00),
('Sunday', '2015-02-01', 'Shampoo 1 litre', 1, 30.00),
('Sunday', '2015-02-01', 'Soap Bar', 0, 6.00),
('Sunday', '2015-02-01', 'Bananas - loose', 3, 2.00),
('Sunday', '2015-02-01', 'Apples - loose', 5, 2.00),
('Sunday', '2015-02-01', 'Mixed Sweets 5s', 9, 3.00),
('Monday', '2015-02-02', 'Milk 1l', 4, 10.00),
('Monday', '2015-02-02', 'Imasi', 4, 25.00),
('Monday', '2015-02-02', 'Bread', 5, 12.00),
('Monday', '2015-02-02', 'Chakalaka Can', 4, 10.00),
('Monday', '2015-02-02', 'Gold Dish Vegetable Curry Can', 5, 9.00),
('Monday', '2015-02-02', 'Fanta 500ml', 5, 6.50),
('Monday', '2015-02-02', 'Coke 500ml', 8, 6.50),
('Monday', '2015-02-02', 'Cream Soda 500ml', 4, 7.50),
('Monday', '2015-02-02', 'Iwisa Pap 5kg', 5, 30.00),
('Monday', '2015-02-02', 'Top Class Soy Mince', 3, 12.00),
('Monday', '2015-02-02', 'Shampoo 1 litre', 0, 30.00),
('Monday', '2015-02-02', 'Soap Bar', 2, 6.00),
('Monday', '2015-02-02', 'Bananas - loose', 0, 2.00),
('Monday', '2015-02-02', 'Apples - loose', 0, 2.00),
('Monday', '2015-02-02', 'Mixed Sweets 5s', 0, 3.00),
('Tuesday', '2015-02-03', 'Milk 1l', 7, 10.00),
('Tuesday', '2015-02-03', 'Imasi', 4, 25.00),
('Tuesday', '2015-02-03', 'Bread', 7, 12.00),
('Tuesday', '2015-02-03', 'Chakalaka Can', 4, 10.00),
('Tuesday', '2015-02-03', 'Gold Dish Vegetable Curry Can', 2, 9.00),
('Tuesday', '2015-02-03', 'Fanta 500ml', 5, 6.50),
('Tuesday', '2015-02-03', 'Coke 500ml', 8, 6.50),
('Tuesday', '2015-02-03', 'Cream Soda 500ml', 3, 7.50),
('Tuesday', '2015-02-03', 'Iwisa Pap 5kg', 3, 30.00),
('Tuesday', '2015-02-03', 'Top Class Soy Mince', 3, 12.00),
('Tuesday', '2015-02-03', 'Shampoo 1 litre', 0, 30.00),
('Tuesday', '2015-02-03', 'Soap Bar', 2, 6.00),
('Tuesday', '2015-02-03', 'Bananas - loose', 10, 2.00),
('Tuesday', '2015-02-03', 'Apples - loose', 8, 2.00),
('Tuesday', '2015-02-03', 'Mixed Sweets 5s', 15, 2.00),
('Wednesday', '2015-02-04', 'Milk 1l', 5, 10.00),
('Wednesday', '2015-02-04', 'Imasi', 8, 25.00),
('Wednesday', '2015-02-04', 'Bread', 8, 12.00),
('Wednesday', '2015-02-04', 'Chakalaka Can', 2, 10.00),
('Wednesday', '2015-02-04', 'Gold Dish Vegetable Curry Can', 0, 9.00),
('Wednesday', '2015-02-04', 'Fanta 500ml', 7, 6.50),
('Wednesday', '2015-02-04', 'Coke 500ml', 12, 6.50),
('Wednesday', '2015-02-04', 'Cream Soda 500ml', 2, 7.50),
('Wednesday', '2015-02-04', 'Iwisa Pap 5kg', 1, 30.00),
('Wednesday', '2015-02-04', 'Top Class Soy Mince', 4, 12.00),
('Wednesday', '2015-02-04', 'Shampoo 1 litre', 1, 30.00),
('Wednesday', '2015-02-04', 'Soap Bar', 3, 6.00),
('Wednesday', '2015-02-04', 'Bananas - loose', 16, 2.00),
('Wednesday', '2015-02-04', 'Apples - loose', 8, 2.00),
('Wednesday', '2015-02-04', 'Mixed Sweets 5s', 12, 2.00),
('Thursday', '2015-02-05', 'Milk 1l', 10, 10.00),
('Thursday', '2015-02-05', 'Imasi', 3, 25.00),
('Thursday', '2015-02-05', 'Bread', 12, 12.00),
('Thursday', '2015-02-05', 'Chakalaka Can', 3, 10.00),
('Thursday', '2015-02-05', 'Gold Dish Vegetable Curry Can', 6, 9.00),
('Thursday', '2015-02-05', 'Fanta 500ml', 3, 6.50),
('Thursday', '2015-02-05', 'Coke 500ml', 9, 6.50),
('Thursday', '2015-02-05', 'Cream Soda 500ml', 8, 7.50),
('Thursday', '2015-02-05', 'Iwisa Pap 5kg', 2, 30.00),
('Thursday', '2015-02-05', 'Top Class Soy Mince', 1, 12.00),
('Thursday', '2015-02-05', 'Shampoo 1 litre', 0, 30.00),
('Thursday', '2015-02-05', 'Soap Bar', 1, 6.00),
('Thursday', '2015-02-05', 'Bananas - loose', 8, 2.00),
('Thursday', '2015-02-05', 'Apples - loose', 12, 2.00),
('Thursday', '2015-02-05', 'Mixed Sweets 5s', 5, 3.00),
('Friday', '2015-02-06', 'Milk 1l', 6, 10.00),
('Friday', '2015-02-06', 'Imasi', 4, 25.00),
('Friday', '2015-02-06', 'Bread', 7, 12.00),
('Friday', '2015-02-06', 'Chakalaka Can', 5, 10.00),
('Friday', '2015-02-06', 'Gold Dish Vegetable Curry Can', 2, 9.00),
('Friday', '2015-02-06', 'Fanta 500ml', 7, 6.50),
('Friday', '2015-02-06', 'Coke 500ml', 8, 6.50),
('Friday', '2015-02-06', 'Cream Soda 500ml', 3, 7.50),
('Friday', '2015-02-06', 'Iwisa Pap 5kg', 6, 30.00),
('Friday', '2015-02-06', 'Top Class Soy Mince', 8, 12.00),
('Friday', '2015-02-06', 'Shampoo 1 litre', 1, 30.00),
('Friday', '2015-02-06', 'Soap Bar', 3, 6.00),
('Friday', '2015-02-06', 'Bananas - loose', 2, 2.00),
('Friday', '2015-02-06', 'Apples - loose', 0, 2.00),
('Friday', '2015-02-06', 'Mixed Sweets 5s', 5, 3.00),
('Saturday', '2015-02-07', 'Milk 1l', 4, 10.00),
('Saturday', '2015-02-07', 'Imasi', 6, 25.00),
('Saturday', '2015-02-07', 'Bread', 4, 12.00),
('Saturday', '2015-02-07', 'Chakalaka Can', 2, 10.00),
('Saturday', '2015-02-07', 'Gold Dish Vegetable Curry Can', 0, 9.00),
('Saturday', '2015-02-07', 'Fanta 500ml', 3, 6.50),
('Saturday', '2015-02-07', 'Coke 500ml', 7, 6.50),
('Saturday', '2015-02-07', 'Cream Soda 500ml', 0, 7.50),
('Saturday', '2015-02-07', 'Iwisa Pap 5kg', 0, 30.00),
('Saturday', '2015-02-07', 'Top Class Soy Mince', 1, 12.00),
('Saturday', '2015-02-07', 'Shampoo 1 litre', 0, 30.00),
('Saturday', '2015-02-07', 'Soap Bar', 1, 6.00),
('Saturday', '2015-02-07', 'Bananas - loose', 8, 2.00),
('Saturday', '2015-02-07', 'Apples - loose', 3, 2.00),
('Saturday', '2015-02-07', 'Mixed Sweets 5s', 3, 3.00),
('Sunday', '2015-02-08', 'Milk 1l', 0, 10.00),
('Sunday', '2015-02-08', 'Imasi', 2, 25.00),
('Sunday', '2015-02-08', 'Bread', 2, 12.00),
('Sunday', '2015-02-08', 'Chakalaka Can', 1, 10.00),
('Sunday', '2015-02-08', 'Gold Dish Vegetable Curry Can', 0, 9.00),
('Sunday', '2015-02-08', 'Fanta 500ml', 4, 6.50),
('Sunday', '2015-02-08', 'Coke 500ml', 4, 6.50),
('Sunday', '2015-02-08', 'Cream Soda 500ml', 1, 7.50),
('Sunday', '2015-02-08', 'Iwisa Pap 5kg', 1, 30.00),
('Sunday', '2015-02-08', 'Top Class Soy Mince', 2, 12.00),
('Sunday', '2015-02-08', 'Shampoo 1 litre', 0, 30.00),
('Sunday', '2015-02-08', 'Soap Bar', 1, 6.00),
('Sunday', '2015-02-08', 'Bananas - loose', 5, 2.00),
('Sunday', '2015-02-08', 'Apples - loose', 2, 2.00),
('Sunday', '2015-02-08', 'Mixed Sweets 5s', 9, 3.00),
('Monday', '2015-02-09', 'Milk 1l', 3, 10.00),
('Monday', '2015-02-09', 'Imasi', 6, 25.00),
('Monday', '2015-02-09', 'Bread', 7, 12.00),
('Monday', '2015-02-09', 'Chakalaka Can', 5, 10.00),
('Monday', '2015-02-09', 'Gold Dish Vegetable Curry Can', 6, 9.00),
('Monday', '2015-02-09', 'Fanta 500ml', 3, 6.50),
('Monday', '2015-02-09', 'Coke 500ml', 8, 6.50),
('Monday', '2015-02-09', 'Cream Soda 500ml', 5, 7.50),
('Monday', '2015-02-09', 'Iwisa Pap 5kg', 2, 30.00),
('Monday', '2015-02-09', 'Top Class Soy Mince', 1, 12.00),
('Monday', '2015-02-09', 'Shampoo 1 litre', 0, 30.00),
('Monday', '2015-02-09', 'Soap Bar', 0, 6.00),
('Monday', '2015-02-09', 'Bananas - loose', 5, 2.00),
('Monday', '2015-02-09', 'Apples - loose', 0, 2.00),
('Monday', '2015-02-09', 'Mixed Sweets 5s', 3, 3.00),
('Tuesday', '2015-02-10', 'Milk 1l', 5, 10.00),
('Tuesday', '2015-02-10', 'Imasi', 4, 25.00),
('Tuesday', '2015-02-10', 'Bread', 2, 12.00),
('Tuesday', '2015-02-10', 'Chakalaka Can', 0, 10.00),
('Tuesday', '2015-02-10', 'Gold Dish Vegetable Curry Can', 0, 9.00),
('Tuesday', '2015-02-10', 'Fanta 500ml', 1, 6.50),
('Tuesday', '2015-02-10', 'Coke 500ml', 3, 6.50),
('Tuesday', '2015-02-10', 'Cream Soda 500ml', 2, 7.50),
('Tuesday', '2015-02-10', 'Iwisa Pap 5kg', 1, 30.00),
('Tuesday', '2015-02-10', 'Top Class Soy Mince', 3, 12.00),
('Tuesday', '2015-02-10', 'Shampoo 1 litre', 1, 30.00),
('Tuesday', '2015-02-10', 'Soap Bar', 0, 6.00),
('Tuesday', '2015-02-10', 'Bananas - loose', 3, 2.00),
('Tuesday', '2015-02-10', 'Apples - loose', 2, 2.00),
('Tuesday', '2015-02-10', 'Mixed Sweets 5s', 7, 2.00),
('Tuesday', '2015-02-10', 'Heart Chocolates', 3, 35.00),
('Tuesday', '2015-02-10', 'Rose (plastic)', 1, 15.00),
('Wednesday', '2015-02-11', 'Milk 1l', 5, 10.00),
('Wednesday', '2015-02-11', 'Imasi', 4, 25.00),
('Wednesday', '2015-02-11', 'Bread', 3, 12.00),
('Wednesday', '2015-02-11', 'Chakalaka Can', 2, 10.00),
('Wednesday', '2015-02-11', 'Gold Dish Vegetable Curry Can', 1, 9.00),
('Wednesday', '2015-02-11', 'Fanta 500ml', 2, 6.50),
('Wednesday', '2015-02-11', 'Coke 500ml', 3, 6.50),
('Wednesday', '2015-02-11', 'Cream Soda 500ml', 1, 7.50),
('Wednesday', '2015-02-11', 'Iwisa Pap 5kg', 0, 30.00),
('Wednesday', '2015-02-11', 'Top Class Soy Mince', 2, 12.00),
('Wednesday', '2015-02-11', 'Shampoo 1 litre', 1, 30.00),
('Wednesday', '2015-02-11', 'Soap Bar', 0, 6.00),
('Wednesday', '2015-02-11', 'Bananas - loose', 4, 2.00),
('Wednesday', '2015-02-11', 'Apples - loose', 3, 2.00),
('Wednesday', '2015-02-11', 'Mixed Sweets 5s', 8, 2.00),
('Wednesday', '2015-02-11', 'Heart Chocolates', 5, 35.00),
('Wednesday', '2015-02-11', 'Rose (plastic)', 3, 15.00),
('Thursday', '2015-02-12', 'Milk 1l', 3, 10.00),
('Thursday', '2015-02-12', 'Imasi', 9, 25.00),
('Thursday', '2015-02-12', 'Bread', 2, 12.00),
('Thursday', '2015-02-12', 'Chakalaka Can', 3, 10.00),
('Thursday', '2015-02-12', 'Gold Dish Vegetable Curry Can', 1, 9.00),
('Thursday', '2015-02-12', 'Fanta 500ml', 0, 6.50),
('Thursday', '2015-02-12', 'Coke 500ml', 2, 6.50),
('Thursday', '2015-02-12', 'Cream Soda 500ml', 1, 7.50),
('Thursday', '2015-02-12', 'Iwisa Pap 5kg', 0, 30.00),
('Thursday', '2015-02-12', 'Top Class Soy Mince', 2, 12.00),
('Thursday', '2015-02-12', 'Shampoo 1 litre', 0, 30.00),
('Thursday', '2015-02-12', 'Soap Bar', 2, 6.00),
('Thursday', '2015-02-12', 'Bananas - loose', 2, 2.00),
('Thursday', '2015-02-12', 'Apples - loose', 3, 2.00),
('Thursday', '2015-02-12', 'Mixed Sweets 5s', 3, 3.00),
('Thursday', '2015-02-12', 'Heart Chocolates', 2, 35.00),
('Thursday', '2015-02-12', 'Valentine Cards', 6, 4.00),
('Thursday', '2015-02-12', 'Rose (plastic)', 2, 15.00),
('Friday', '2015-02-13', 'Milk 1l', 6, 10.00),
('Friday', '2015-02-13', 'Imasi', 6, 25.00),
('Friday', '2015-02-13', 'Bread', 5, 12.00),
('Friday', '2015-02-13', 'Chakalaka Can', 7, 10.00),
('Friday', '2015-02-13', 'Gold Dish Vegetable Curry Can', 15, 9.00),
('Friday', '2015-02-13', 'Fanta 500ml', 6, 6.50),
('Friday', '2015-02-13', 'Coke 500ml', 8, 6.50),
('Friday', '2015-02-13', 'Cream Soda 500ml', 4, 7.50),
('Friday', '2015-02-13', 'Iwisa Pap 5kg', 3, 30.00),
('Friday', '2015-02-13', 'Top Class Soy Mince', 4, 12.00),
('Friday', '2015-02-13', 'Shampoo 1 litre', 4, 30.00),
('Friday', '2015-02-13', 'Soap Bar', 2, 6.00),
('Friday', '2015-02-13', 'Bananas - loose', 4, 2.00),
('Friday', '2015-02-13', 'Apples - loose', 2, 2.00),
('Friday', '2015-02-13', 'Mixed Sweets 5s', 6, 3.00),
('Friday', '2015-02-13', 'Heart Chocolates', 10, 35.00),
('Friday', '2015-02-13', 'Valentine Cards', 5, 4.00),
('Friday', '2015-02-13', 'Rose (plastic)', 7, 15.00),
('Saturday', '2015-02-14', 'Milk 1l', 6, 10.00),
('Saturday', '2015-02-14', 'Imasi', 5, 25.00),
('Saturday', '2015-02-14', 'Bread', 7, 12.00),
('Saturday', '2015-02-14', 'Chakalaka Can', 3, 10.00),
('Saturday', '2015-02-14', 'Gold Dish Vegetable Curry Can', 4, 9.00),
('Saturday', '2015-02-14', 'Fanta 500ml', 7, 6.50),
('Saturday', '2015-02-14', 'Coke 500ml', 14, 6.50),
('Saturday', '2015-02-14', 'Cream Soda 500ml', 8, 7.50),
('Saturday', '2015-02-14', 'Iwisa Pap 5kg', 3, 30.00),
('Saturday', '2015-02-14', 'Top Class Soy Mince', 7, 12.00),
('Saturday', '2015-02-14', 'Shampoo 1 litre', 0, 30.00),
('Saturday', '2015-02-14', 'Soap Bar', 0, 6.00),
('Saturday', '2015-02-14', 'Bananas - loose', 5, 2.00),
('Saturday', '2015-02-14', 'Apples - loose', 9, 2.00),
('Saturday', '2015-02-14', 'Mixed Sweets 5s', 18, 3.00),
('Saturday', '2015-02-14', 'Heart Chocolates', 0, 35.00),
('Saturday', '2015-02-14', 'Valentine Cards', 3, 4.00),
('Saturday', '2015-02-14', 'Rose (plastic)', 1, 15.00),
('Sunday', '2015-02-15', 'Milk 1l', 2, 10.00),
('Sunday', '2015-02-15', 'Imasi', 2, 25.00),
('Sunday', '2015-02-15', 'Bread', 1, 12.00),
('Sunday', '2015-02-15', 'Chakalaka Can', 3, 10.00),
('Sunday', '2015-02-15', 'Gold Dish Vegetable Curry Can', 0, 9.00),
('Sunday', '2015-02-15', 'Fanta 500ml', 5, 6.50),
('Sunday', '2015-02-15', 'Coke 500ml', 4, 6.50),
('Sunday', '2015-02-15', 'Cream Soda 500ml', 2, 7.50),
('Sunday', '2015-02-15', 'Iwisa Pap 5kg', 0, 30.00),
('Sunday', '2015-02-15', 'Top Class Soy Mince', 1, 12.00),
('Sunday', '2015-02-15', 'Shampoo 1 litre', 0, 30.00),
('Sunday', '2015-02-15', 'Soap Bar', 1, 6.00),
('Sunday', '2015-02-15', 'Bananas - loose', 1, 2.00),
('Sunday', '2015-02-15', 'Apples - loose', 1, 2.00),
('Sunday', '2015-02-15', 'Mixed Sweets 5s', 3, 3.00),
('Monday', '2015-02-16', 'Milk 1l', 7, 10.00),
('Monday', '2015-02-16', 'Imasi', 6, 25.00),
('Monday', '2015-02-16', 'Bread', 4, 12.00),
('Monday', '2015-02-16', 'Chakalaka Can', 3, 10.00),
('Monday', '2015-02-16', 'Gold Dish Vegetable Curry Can', 2, 9.00),
('Monday', '2015-02-16', 'Fanta 500ml', 2, 6.50),
('Monday', '2015-02-16', 'Coke 500ml', 1, 6.50),
('Monday', '2015-02-16', 'Cream Soda 500ml', 2, 7.50),
('Monday', '2015-02-16', 'Iwisa Pap 5kg', 2, 30.00),
('Monday', '2015-02-16', 'Top Class Soy Mince', 1, 12.00),
('Monday', '2015-02-16', 'Shampoo 1 litre', 0, 30.00),
('Monday', '2015-02-16', 'Soap Bar', 2, 6.00),
('Monday', '2015-02-16', 'Bananas - loose', 2, 2.00),
('Monday', '2015-02-16', 'Apples - loose', 3, 2.00),
('Monday', '2015-02-16', 'Mixed Sweets 5s', 5, 3.00),
('Tuesday', '2015-02-17', 'Milk 1l', 8, 10.00),
('Tuesday', '2015-02-17', 'Imasi', 6, 25.00),
('Tuesday', '2015-02-17', 'Bread', 3, 12.00),
('Tuesday', '2015-02-17', 'Chakalaka Can', 0, 10.00),
('Tuesday', '2015-02-17', 'Gold Dish Vegetable Curry Can', 0, 9.00),
('Tuesday', '2015-02-17', 'Fanta 500ml', 0, 6.50),
('Tuesday', '2015-02-17', 'Coke 500ml', 2, 6.50),
('Tuesday', '2015-02-17', 'Cream Soda 500ml', 0, 7.50),
('Tuesday', '2015-02-17', 'Iwisa Pap 5kg', 1, 30.00),
('Tuesday', '2015-02-17', 'Top Class Soy Mince', 2, 12.00),
('Tuesday', '2015-02-17', 'Shampoo 1 litre', 0, 30.00),
('Tuesday', '2015-02-17', 'Soap Bar', 1, 6.00),
('Tuesday', '2015-02-17', 'Bananas - loose', 2, 2.00),
('Tuesday', '2015-02-17', 'Apples - loose', 6, 2.00),
('Tuesday', '2015-02-17', 'Mixed Sweets 5s', 5, 2.00),
('Wednesday', '2015-02-18', 'Milk 1l', 3, 10.00),
('Wednesday', '2015-02-18', 'Imasi', 5, 25.00),
('Wednesday', '2015-02-18', 'Bread', 5, 12.00),
('Wednesday', '2015-02-18', 'Chakalaka Can', 1, 10.00),
('Wednesday', '2015-02-18', 'Gold Dish Vegetable Curry Can', 0, 9.00),
('Wednesday', '2015-02-18', 'Fanta 500ml', 0, 6.50),
('Wednesday', '2015-02-18', 'Coke 500ml', 3, 6.50),
('Wednesday', '2015-02-18', 'Cream Soda 500ml', 2, 7.50),
('Wednesday', '2015-02-18', 'Iwisa Pap 5kg', 1, 30.00),
('Wednesday', '2015-02-18', 'Top Class Soy Mince', 1, 12.00),
('Wednesday', '2015-02-18', 'Shampoo 1 litre', 1, 30.00),
('Wednesday', '2015-02-18', 'Soap Bar', 1, 6.00),
('Wednesday', '2015-02-18', 'Bananas - loose', 1, 2.00),
('Wednesday', '2015-02-18', 'Apples - loose', 3, 2.00),
('Wednesday', '2015-02-18', 'Mixed Sweets 5s', 2, 2.00),
('Thursday', '2015-02-19', 'Milk 1l', 5, 10.00),
('Thursday', '2015-02-19', 'Imasi', 3, 25.00),
('Thursday', '2015-02-19', 'Bread', 5, 12.00),
('Thursday', '2015-02-19', 'Chakalaka Can', 2, 10.00),
('Thursday', '2015-02-19', 'Gold Dish Vegetable Curry Can', 1, 9.00),
('Thursday', '2015-02-19', 'Fanta 500ml', 1, 6.50),
('Thursday', '2015-02-19', 'Coke 500ml', 1, 6.50),
('Thursday', '2015-02-19', 'Cream Soda 500ml', 0, 7.50),
('Thursday', '2015-02-19', 'Iwisa Pap 5kg', 0, 30.00),
('Thursday', '2015-02-19', 'Top Class Soy Mince', 2, 12.00),
('Thursday', '2015-02-19', 'Shampoo 1 litre', 2, 30.00),
('Thursday', '2015-02-19', 'Soap Bar', 0, 6.00),
('Thursday', '2015-02-19', 'Bananas - loose', 3, 2.00),
('Thursday', '2015-02-19', 'Apples - loose', 5, 2.00),
('Thursday', '2015-02-19', 'Mixed Sweets 5s', 4, 3.00),
('Friday', '2015-02-20', 'Milk 1l', 4, 10.00),
('Friday', '2015-02-20', 'Imasi', 2, 25.00),
('Friday', '2015-02-20', 'Bread', 3, 12.00),
('Friday', '2015-02-20', 'Chakalaka Can', 5, 10.00),
('Friday', '2015-02-20', 'Gold Dish Vegetable Curry Can', 3, 9.00),
('Friday', '2015-02-20', 'Fanta 500ml', 3, 6.50),
('Friday', '2015-02-20', 'Coke 500ml', 5, 6.50),
('Friday', '2015-02-20', 'Cream Soda 500ml', 6, 7.50),
('Friday', '2015-02-20', 'Iwisa Pap 5kg', 0, 30.00),
('Friday', '2015-02-20', 'Top Class Soy Mince', 3, 12.00),
('Friday', '2015-02-20', 'Shampoo 1 litre', 1, 30.00),
('Friday', '2015-02-20', 'Soap Bar', 3, 6.00),
('Friday', '2015-02-20', 'Bananas - loose', 6, 2.00),
('Friday', '2015-02-20', 'Apples - loose', 4, 2.00),
('Friday', '2015-02-20', 'Mixed Sweets 5s', 8, 3.00),
('Saturday', '2015-02-21', 'Milk 1l', 1, 10.00),
('Saturday', '2015-02-21', 'Imasi', 1, 25.00),
('Saturday', '2015-02-21', 'Bread', 3, 12.00),
('Saturday', '2015-02-21', 'Chakalaka Can', 3, 10.00),
('Saturday', '2015-02-21', 'Gold Dish Vegetable Curry Can', 2, 9.00),
('Saturday', '2015-02-21', 'Fanta 500ml', 3, 6.50),
('Saturday', '2015-02-21', 'Coke 500ml', 2, 6.50),
('Saturday', '2015-02-21', 'Cream Soda 500ml', 0, 7.50),
('Saturday', '2015-02-21', 'Iwisa Pap 5kg', 0, 30.00),
('Saturday', '2015-02-21', 'Top Class Soy Mince', 2, 12.00),
('Saturday', '2015-02-21', 'Shampoo 1 litre', 0, 30.00),
('Saturday', '2015-02-21', 'Soap Bar', 0, 6.00),
('Saturday', '2015-02-21', 'Bananas - loose', 2, 2.00),
('Saturday', '2015-02-21', 'Apples - loose', 3, 2.00),
('Saturday', '2015-02-21', 'Mixed Sweets 5s', 2, 3.00),
('Sunday', '2015-02-22', 'Milk 1l', 2, 10.00),
('Sunday', '2015-02-22', 'Imasi', 2, 25.00),
('Sunday', '2015-02-22', 'Bread', 3, 12.00),
('Sunday', '2015-02-22', 'Chakalaka Can', 0, 10.00),
('Sunday', '2015-02-22', 'Gold Dish Vegetable Curry Can', 1, 9.00),
('Sunday', '2015-02-22', 'Fanta 500ml', 2, 6.50),
('Sunday', '2015-02-22', 'Coke 500ml', 0, 6.50),
('Sunday', '2015-02-22', 'Cream Soda 500ml', 0, 7.50),
('Sunday', '2015-02-22', 'Iwisa Pap 5kg', 0, 30.00),
('Sunday', '2015-02-22', 'Top Class Soy Mince', 0, 12.00),
('Sunday', '2015-02-22', 'Shampoo 1 litre', 0, 30.00),
('Sunday', '2015-02-22', 'Soap Bar', 1, 6.00),
('Sunday', '2015-02-22', 'Bananas - loose', 0, 2.00),
('Sunday', '2015-02-22', 'Apples - loose', 1, 2.00),
('Sunday', '2015-02-22', 'Mixed Sweets 5s', 3, 3.00),
('Monday', '2015-02-23', 'Milk 1l', 8, 10.00),
('Monday', '2015-02-23', 'Imasi', 6, 25.00),
('Monday', '2015-02-23', 'Bread', 2, 12.00),
('Monday', '2015-02-23', 'Chakalaka Can', 2, 10.00),
('Monday', '2015-02-23', 'Gold Dish Vegetable Curry Can', 1, 9.00),
('Monday', '2015-02-23', 'Fanta 500ml', 1, 6.50),
('Monday', '2015-02-23', 'Coke 500ml', 3, 6.50),
('Monday', '2015-02-23', 'Cream Soda 500ml', 0, 7.50),
('Monday', '2015-02-23', 'Iwisa Pap 5kg', 2, 30.00),
('Monday', '2015-02-23', 'Top Class Soy Mince', 1, 12.00),
('Monday', '2015-02-23', 'Shampoo 1 litre', 0, 30.00),
('Monday', '2015-02-23', 'Soap Bar', 0, 6.00),
('Monday', '2015-02-23', 'Bananas - loose', 2, 2.00),
('Monday', '2015-02-23', 'Apples - loose', 1, 2.00),
('Monday', '2015-02-23', 'Mixed Sweets 5s', 3, 3.00),
('Tuesday', '2015-02-24', 'Milk 1l', 4, 10.00),
('Tuesday', '2015-02-24', 'Imasi', 2, 25.00),
('Tuesday', '2015-02-24', 'Bread', 6, 12.00),
('Tuesday', '2015-02-24', 'Chakalaka Can', 1, 10.00),
('Tuesday', '2015-02-24', 'Gold Dish Vegetable Curry Can', 2, 9.00),
('Tuesday', '2015-02-24', 'Fanta 500ml', 1, 6.50),
('Tuesday', '2015-02-24', 'Coke 500ml', 2, 6.50),
('Tuesday', '2015-02-24', 'Cream Soda 500ml', 1, 7.50),
('Tuesday', '2015-02-24', 'Iwisa Pap 5kg', 1, 30.00),
('Tuesday', '2015-02-24', 'Top Class Soy Mince', 2, 12.00),
('Tuesday', '2015-02-24', 'Shampoo 1 litre', 0, 30.00),
('Tuesday', '2015-02-24', 'Soap Bar', 1, 6.00),
('Tuesday', '2015-02-24', 'Bananas - loose', 5, 2.00),
('Tuesday', '2015-02-24', 'Apples - loose', 3, 2.00),
('Tuesday', '2015-02-24', 'Mixed Sweets 5s', 7, 2.00),
('Wednesday', '2015-02-25', 'Milk 1l', 8, 10.00),
('Wednesday', '2015-02-25', 'Imasi', 6, 25.00),
('Wednesday', '2015-02-25', 'Bread', 7, 12.00),
('Wednesday', '2015-02-25', 'Chakalaka Can', 5, 10.00),
('Wednesday', '2015-02-25', 'Gold Dish Vegetable Curry Can', 4, 9.00),
('Wednesday', '2015-02-25', 'Fanta 500ml', 6, 6.50),
('Wednesday', '2015-02-25', 'Coke 500ml', 8, 6.50),
('Wednesday', '2015-02-25', 'Cream Soda 500ml', 5, 7.50),
('Wednesday', '2015-02-25', 'Iwisa Pap 5kg', 3, 30.00),
('Wednesday', '2015-02-25', 'Top Class Soy Mince', 7, 12.00),
('Wednesday', '2015-02-25', 'Shampoo 1 litre', 1, 30.00),
('Wednesday', '2015-02-25', 'Soap Bar', 4, 6.00),
('Wednesday', '2015-02-25', 'Bananas - loose', 2, 2.00),
('Wednesday', '2015-02-25', 'Apples - loose', 8, 2.00),
('Wednesday', '2015-02-25', 'Mixed Sweets 5s', 5, 2.00),
('Thursday', '2015-02-26', 'Milk 1l', 8, 10.00),
('Thursday', '2015-02-26', 'Imasi', 8, 25.00),
('Thursday', '2015-02-26', 'Bread', 5, 12.00),
('Thursday', '2015-02-26', 'Chakalaka Can', 3, 10.00),
('Thursday', '2015-02-26', 'Gold Dish Vegetable Curry Can', 7, 9.00),
('Thursday', '2015-02-26', 'Fanta 500ml', 3, 6.50),
('Thursday', '2015-02-26', 'Coke 500ml', 7, 6.50),
('Thursday', '2015-02-26', 'Cream Soda 500ml', 4, 7.50),
('Thursday', '2015-02-26', 'Iwisa Pap 5kg', 3, 30.00),
('Thursday', '2015-02-26', 'Top Class Soy Mince', 8, 12.00),
('Thursday', '2015-02-26', 'Shampoo 1 litre', 0, 30.00),
('Thursday', '2015-02-26', 'Soap Bar', 3, 6.00),
('Thursday', '2015-02-26', 'Bananas - loose', 2, 2.00),
('Thursday', '2015-02-26', 'Apples - loose', 3, 2.00),
('Thursday', '2015-02-26', 'Mixed Sweets 5s', 1, 3.00),
('Friday', '2015-02-27', 'Milk 1l', 8, 10.00),
('Friday', '2015-02-27', 'Imasi', 5, 25.00),
('Friday', '2015-02-27', 'Bread', 3, 12.00),
('Friday', '2015-02-27', 'Chakalaka Can', 12, 10.00),
('Friday', '2015-02-27', 'Gold Dish Vegetable Curry Can', 9, 9.00),
('Friday', '2015-02-27', 'Fanta 500ml', 6, 6.50),
('Friday', '2015-02-27', 'Coke 500ml', 18, 6.50),
('Friday', '2015-02-27', 'Cream Soda 500ml', 3, 7.50),
('Friday', '2015-02-27', 'Iwisa Pap 5kg', 4, 30.00),
('Friday', '2015-02-27', 'Top Class Soy Mince', 12, 12.00),
('Friday', '2015-02-27', 'Shampoo 1 litre', 5, 30.00),
('Friday', '2015-02-27', 'Soap Bar', 3, 6.00),
('Friday', '2015-02-27', 'Bananas - loose', 1, 2.00),
('Friday', '2015-02-27', 'Apples - loose', 3, 2.00),
('Friday', '2015-02-27', 'Mixed Sweets 5s', 1, 3.00),
('Saturday', '2015-02-28', 'Milk 1l', 3, 10.00),
('Saturday', '2015-02-28', 'Imasi', 2, 25.00),
('Saturday', '2015-02-28', 'Bread', 4, 12.00),
('Saturday', '2015-02-28', 'Chakalaka Can', 5, 10.00),
('Saturday', '2015-02-28', 'Gold Dish Vegetable Curry Can', 6, 9.00),
('Saturday', '2015-02-28', 'Fanta 500ml', 3, 6.50),
('Saturday', '2015-02-28', 'Coke 500ml', 4, 6.50),
('Saturday', '2015-02-28', 'Cream Soda 500ml', 6, 7.50),
('Saturday', '2015-02-28', 'Iwisa Pap 5kg', 2, 30.00),
('Saturday', '2015-02-28', 'Top Class Soy Mince', 9, 12.00),
('Saturday', '2015-02-28', 'Shampoo 1 litre', 4, 30.00),
('Saturday', '2015-02-28', 'Soap Bar', 7, 6.00),
('Saturday', '2015-02-28', 'Bananas - loose', 6, 2.00),
('Saturday', '2015-02-28', 'Apples - loose', 8, 2.00),
('Saturday', '2015-02-28', 'Mixed Sweets 5s', 8, 3.00),
('Sunday', '2015-01-03', 'Milk 1l', 4, 10.00),
('Sunday', '2015-01-03', 'Imasi', 3, 25.00),
('Sunday', '2015-01-03', 'Bread', 3, 12.00),
('Sunday', '2015-01-03', 'Chakalaka Can', 5, 10.00),
('Sunday', '2015-01-03', 'Gold Dish Vegetable Curry Can', 4, 9.00),
('Sunday', '2015-01-03', 'Fanta 500ml', 2, 6.50),
('Sunday', '2015-01-03', 'Coke 500ml', 3, 6.50),
('Sunday', '2015-01-03', 'Cream Soda 500ml', 0, 7.50),
('Sunday', '2015-01-03', 'Iwisa Pap 5kg', 1, 30.00),
('Sunday', '2015-01-03', 'Top Class Soy Mince', 4, 12.00),
('Sunday', '2015-01-03', 'Shampoo 1 litre', 3, 30.00),
('Sunday', '2015-01-03', 'Soap Bar', 6, 6.00),
('Sunday', '2015-01-03', 'Bananas - loose', 4, 2.00),
('Sunday', '2015-01-03', 'Apples - loose', 5, 2.00),
('Sunday', '2015-01-03', 'Mixed Sweets 5s', 12, 3.00);

-- --------------------------------------------------------

--
-- Table structure for table `Sales_td`
--

CREATE TABLE IF NOT EXISTS `Sales_td` (
  `id` int(11) NOT NULL,
  `Sales_date` date DEFAULT NULL,
  `Product_id` int(11) DEFAULT NULL,
  `qTy` int(11) DEFAULT NULL,
  `product_price` char(15) DEFAULT NULL
) ENGINE=InnoDB AUTO_INCREMENT=455 DEFAULT CHARSET=latin1;

--
-- Dumping data for table `Sales_td`
--

INSERT INTO `Sales_td` (`id`, `Sales_date`, `Product_id`, `qTy`, `product_price`) VALUES
(1, '2015-02-01', 1, 3, '10.00'),
(2, '2015-02-01', 2, 1, '25.00'),
(3, '2015-02-01', 3, 2, '12.00'),
(4, '2015-02-01', 4, 3, '10.00'),
(5, '2015-02-01', 5, 2, '9.00'),
(6, '2015-02-01', 6, 3, '6.50'),
(7, '2015-02-01', 7, 2, '6.50'),
(8, '2015-02-01', 8, 2, '7.50'),
(9, '2015-02-01', 9, 0, '30.00'),
(10, '2015-02-01', 10, 2, '12.00'),
(11, '2015-02-01', 11, 1, '30.00'),
(12, '2015-02-01', 12, 0, '6.00'),
(13, '2015-02-01', 13, 3, '2.00'),
(14, '2015-02-01', 14, 5, '2.00'),
(15, '2015-02-01', 15, 9, '3.00'),
(16, '2015-02-02', 1, 4, '10.00'),
(17, '2015-02-02', 2, 4, '25.00'),
(18, '2015-02-02', 3, 5, '12.00'),
(19, '2015-02-02', 4, 4, '10.00'),
(20, '2015-02-02', 5, 5, '9.00'),
(21, '2015-02-02', 6, 5, '6.50'),
(22, '2015-02-02', 7, 8, '6.50'),
(23, '2015-02-02', 8, 4, '7.50'),
(24, '2015-02-02', 9, 5, '30.00'),
(25, '2015-02-02', 10, 3, '12.00'),
(26, '2015-02-02', 11, 0, '30.00'),
(27, '2015-02-02', 12, 2, '6.00'),
(28, '2015-02-02', 13, 0, '2.00'),
(29, '2015-02-02', 14, 0, '2.00'),
(30, '2015-02-02', 15, 0, '3.00'),
(31, '2015-02-03', 1, 7, '10.00'),
(32, '2015-02-03', 2, 4, '25.00'),
(33, '2015-02-03', 3, 7, '12.00'),
(34, '2015-02-03', 4, 4, '10.00'),
(35, '2015-02-03', 5, 2, '9.00'),
(36, '2015-02-03', 6, 5, '6.50'),
(37, '2015-02-03', 7, 8, '6.50'),
(38, '2015-02-03', 8, 3, '7.50'),
(39, '2015-02-03', 9, 3, '30.00'),
(40, '2015-02-03', 10, 3, '12.00'),
(41, '2015-02-03', 11, 0, '30.00'),
(42, '2015-02-03', 12, 2, '6.00'),
(43, '2015-02-03', 13, 10, '2.00'),
(44, '2015-02-03', 14, 8, '2.00'),
(45, '2015-02-03', 15, 15, '2.00'),
(46, '2015-02-04', 1, 5, '10.00'),
(47, '2015-02-04', 2, 8, '25.00'),
(48, '2015-02-04', 3, 8, '12.00'),
(49, '2015-02-04', 4, 2, '10.00'),
(50, '2015-02-04', 5, 0, '9.00'),
(51, '2015-02-04', 6, 7, '6.50'),
(52, '2015-02-04', 7, 12, '6.50'),
(53, '2015-02-04', 8, 2, '7.50'),
(54, '2015-02-04', 9, 1, '30.00'),
(55, '2015-02-04', 10, 4, '12.00'),
(56, '2015-02-04', 11, 1, '30.00'),
(57, '2015-02-04', 12, 3, '6.00'),
(58, '2015-02-04', 13, 16, '2.00'),
(59, '2015-02-04', 14, 8, '2.00'),
(60, '2015-02-04', 15, 12, '2.00'),
(61, '2015-02-05', 1, 10, '10.00'),
(62, '2015-02-05', 2, 3, '25.00'),
(63, '2015-02-05', 3, 12, '12.00'),
(64, '2015-02-05', 4, 3, '10.00'),
(65, '2015-02-05', 5, 6, '9.00'),
(66, '2015-02-05', 6, 3, '6.50'),
(67, '2015-02-05', 7, 9, '6.50'),
(68, '2015-02-05', 8, 8, '7.50'),
(69, '2015-02-05', 9, 2, '30.00'),
(70, '2015-02-05', 10, 1, '12.00'),
(71, '2015-02-05', 11, 0, '30.00'),
(72, '2015-02-05', 12, 1, '6.00'),
(73, '2015-02-05', 13, 8, '2.00'),
(74, '2015-02-05', 14, 12, '2.00'),
(75, '2015-02-05', 15, 5, '3.00'),
(76, '2015-02-06', 1, 6, '10.00'),
(77, '2015-02-06', 2, 4, '25.00'),
(78, '2015-02-06', 3, 7, '12.00'),
(79, '2015-02-06', 4, 5, '10.00'),
(80, '2015-02-06', 5, 2, '9.00'),
(81, '2015-02-06', 6, 7, '6.50'),
(82, '2015-02-06', 7, 8, '6.50'),
(83, '2015-02-06', 8, 3, '7.50'),
(84, '2015-02-06', 9, 6, '30.00'),
(85, '2015-02-06', 10, 8, '12.00'),
(86, '2015-02-06', 11, 1, '30.00'),
(87, '2015-02-06', 12, 3, '6.00'),
(88, '2015-02-06', 13, 2, '2.00'),
(89, '2015-02-06', 14, 0, '2.00'),
(90, '2015-02-06', 15, 5, '3.00'),
(91, '2015-02-07', 1, 4, '10.00'),
(92, '2015-02-07', 2, 6, '25.00'),
(93, '2015-02-07', 3, 4, '12.00'),
(94, '2015-02-07', 4, 2, '10.00'),
(95, '2015-02-07', 5, 0, '9.00'),
(96, '2015-02-07', 6, 3, '6.50'),
(97, '2015-02-07', 7, 7, '6.50'),
(98, '2015-02-07', 8, 0, '7.50'),
(99, '2015-02-07', 9, 0, '30.00'),
(100, '2015-02-07', 10, 1, '12.00'),
(101, '2015-02-07', 11, 0, '30.00'),
(102, '2015-02-07', 12, 1, '6.00'),
(103, '2015-02-07', 13, 8, '2.00'),
(104, '2015-02-07', 14, 3, '2.00'),
(105, '2015-02-07', 15, 3, '3.00'),
(106, '2015-02-08', 1, 0, '10.00'),
(107, '2015-02-08', 2, 2, '25.00'),
(108, '2015-02-08', 3, 2, '12.00'),
(109, '2015-02-08', 4, 1, '10.00'),
(110, '2015-02-08', 5, 0, '9.00'),
(111, '2015-02-08', 6, 4, '6.50'),
(112, '2015-02-08', 7, 4, '6.50'),
(113, '2015-02-08', 8, 1, '7.50'),
(114, '2015-02-08', 9, 1, '30.00'),
(115, '2015-02-08', 10, 2, '12.00'),
(116, '2015-02-08', 11, 0, '30.00'),
(117, '2015-02-08', 12, 1, '6.00'),
(118, '2015-02-08', 13, 5, '2.00'),
(119, '2015-02-08', 14, 2, '2.00'),
(120, '2015-02-08', 15, 9, '3.00'),
(121, '2015-02-09', 1, 3, '10.00'),
(122, '2015-02-09', 2, 6, '25.00'),
(123, '2015-02-09', 3, 7, '12.00'),
(124, '2015-02-09', 4, 5, '10.00'),
(125, '2015-02-09', 5, 6, '9.00'),
(126, '2015-02-09', 6, 3, '6.50'),
(127, '2015-02-09', 7, 8, '6.50'),
(128, '2015-02-09', 8, 5, '7.50'),
(129, '2015-02-09', 9, 2, '30.00'),
(130, '2015-02-09', 10, 1, '12.00'),
(131, '2015-02-09', 11, 0, '30.00'),
(132, '2015-02-09', 12, 0, '6.00'),
(133, '2015-02-09', 13, 5, '2.00'),
(134, '2015-02-09', 14, 0, '2.00'),
(135, '2015-02-09', 15, 3, '3.00'),
(136, '2015-02-10', 1, 5, '10.00'),
(137, '2015-02-10', 2, 4, '25.00'),
(138, '2015-02-10', 3, 2, '12.00'),
(139, '2015-02-10', 4, 0, '10.00'),
(140, '2015-02-10', 5, 0, '9.00'),
(141, '2015-02-10', 6, 1, '6.50'),
(142, '2015-02-10', 7, 3, '6.50'),
(143, '2015-02-10', 8, 2, '7.50'),
(144, '2015-02-10', 9, 1, '30.00'),
(145, '2015-02-10', 10, 3, '12.00'),
(146, '2015-02-10', 11, 1, '30.00'),
(147, '2015-02-10', 12, 0, '6.00'),
(148, '2015-02-10', 13, 3, '2.00'),
(149, '2015-02-10', 14, 2, '2.00'),
(150, '2015-02-10', 15, 7, '2.00'),
(151, '2015-02-10', 16, 3, '35.00'),
(152, '2015-02-10', 17, 1, '15.00'),
(153, '2015-02-11', 1, 5, '10.00'),
(154, '2015-02-11', 2, 4, '25.00'),
(155, '2015-02-11', 3, 3, '12.00'),
(156, '2015-02-11', 4, 2, '10.00'),
(157, '2015-02-11', 5, 1, '9.00'),
(158, '2015-02-11', 6, 2, '6.50'),
(159, '2015-02-11', 7, 3, '6.50'),
(160, '2015-02-11', 8, 1, '7.50'),
(161, '2015-02-11', 9, 0, '30.00'),
(162, '2015-02-11', 10, 2, '12.00'),
(163, '2015-02-11', 11, 1, '30.00'),
(164, '2015-02-11', 12, 0, '6.00'),
(165, '2015-02-11', 13, 4, '2.00'),
(166, '2015-02-11', 14, 3, '2.00'),
(167, '2015-02-11', 15, 8, '2.00'),
(168, '2015-02-11', 16, 5, '35.00'),
(169, '2015-02-11', 17, 3, '15.00'),
(170, '2015-02-12', 1, 3, '10.00'),
(171, '2015-02-12', 2, 9, '25.00'),
(172, '2015-02-12', 3, 2, '12.00'),
(173, '2015-02-12', 4, 3, '10.00'),
(174, '2015-02-12', 5, 1, '9.00'),
(175, '2015-02-12', 6, 0, '6.50'),
(176, '2015-02-12', 7, 2, '6.50'),
(177, '2015-02-12', 8, 1, '7.50'),
(178, '2015-02-12', 9, 0, '30.00'),
(179, '2015-02-12', 10, 2, '12.00'),
(180, '2015-02-12', 11, 0, '30.00'),
(181, '2015-02-12', 12, 2, '6.00'),
(182, '2015-02-12', 13, 2, '2.00'),
(183, '2015-02-12', 14, 3, '2.00'),
(184, '2015-02-12', 15, 3, '3.00'),
(185, '2015-02-12', 16, 2, '35.00'),
(186, '2015-02-12', 18, 6, '4.00'),
(187, '2015-02-12', 17, 2, '15.00'),
(188, '2015-02-13', 1, 6, '10.00'),
(189, '2015-02-13', 2, 6, '25.00'),
(190, '2015-02-13', 3, 5, '12.00'),
(191, '2015-02-13', 4, 7, '10.00'),
(192, '2015-02-13', 5, 15, '9.00'),
(193, '2015-02-13', 6, 6, '6.50'),
(194, '2015-02-13', 7, 8, '6.50'),
(195, '2015-02-13', 8, 4, '7.50'),
(196, '2015-02-13', 9, 3, '30.00'),
(197, '2015-02-13', 10, 4, '12.00'),
(198, '2015-02-13', 11, 4, '30.00'),
(199, '2015-02-13', 12, 2, '6.00'),
(200, '2015-02-13', 13, 4, '2.00'),
(201, '2015-02-13', 14, 2, '2.00'),
(202, '2015-02-13', 15, 6, '3.00'),
(203, '2015-02-13', 16, 10, '35.00'),
(204, '2015-02-13', 18, 5, '4.00'),
(205, '2015-02-13', 17, 7, '15.00'),
(206, '2015-02-14', 1, 6, '10.00'),
(207, '2015-02-14', 2, 5, '25.00'),
(208, '2015-02-14', 3, 7, '12.00'),
(209, '2015-02-14', 4, 3, '10.00'),
(210, '2015-02-14', 5, 4, '9.00'),
(211, '2015-02-14', 6, 7, '6.50'),
(212, '2015-02-14', 7, 14, '6.50'),
(213, '2015-02-14', 8, 8, '7.50'),
(214, '2015-02-14', 9, 3, '30.00'),
(215, '2015-02-14', 10, 7, '12.00'),
(216, '2015-02-14', 11, 0, '30.00'),
(217, '2015-02-14', 12, 0, '6.00'),
(218, '2015-02-14', 13, 5, '2.00'),
(219, '2015-02-14', 14, 9, '2.00'),
(220, '2015-02-14', 15, 18, '3.00'),
(221, '2015-02-14', 16, 0, '35.00'),
(222, '2015-02-14', 18, 3, '4.00'),
(223, '2015-02-14', 17, 1, '15.00'),
(224, '2015-02-15', 1, 2, '10.00'),
(225, '2015-02-15', 2, 2, '25.00'),
(226, '2015-02-15', 3, 1, '12.00'),
(227, '2015-02-15', 4, 3, '10.00'),
(228, '2015-02-15', 5, 0, '9.00'),
(229, '2015-02-15', 6, 5, '6.50'),
(230, '2015-02-15', 7, 4, '6.50'),
(231, '2015-02-15', 8, 2, '7.50'),
(232, '2015-02-15', 9, 0, '30.00'),
(233, '2015-02-15', 10, 1, '12.00'),
(234, '2015-02-15', 11, 0, '30.00'),
(235, '2015-02-15', 12, 1, '6.00'),
(236, '2015-02-15', 13, 1, '2.00'),
(237, '2015-02-15', 14, 1, '2.00'),
(238, '2015-02-15', 15, 3, '3.00'),
(239, '2015-02-16', 1, 7, '10.00'),
(240, '2015-02-16', 2, 6, '25.00'),
(241, '2015-02-16', 3, 4, '12.00'),
(242, '2015-02-16', 4, 3, '10.00'),
(243, '2015-02-16', 5, 2, '9.00'),
(244, '2015-02-16', 6, 2, '6.50'),
(245, '2015-02-16', 7, 1, '6.50'),
(246, '2015-02-16', 8, 2, '7.50'),
(247, '2015-02-16', 9, 2, '30.00'),
(248, '2015-02-16', 10, 1, '12.00'),
(249, '2015-02-16', 11, 0, '30.00'),
(250, '2015-02-16', 12, 2, '6.00'),
(251, '2015-02-16', 13, 2, '2.00'),
(252, '2015-02-16', 14, 3, '2.00'),
(253, '2015-02-16', 15, 5, '3.00'),
(254, '2015-02-17', 1, 8, '10.00'),
(255, '2015-02-17', 2, 6, '25.00'),
(256, '2015-02-17', 3, 3, '12.00'),
(257, '2015-02-17', 4, 0, '10.00'),
(258, '2015-02-17', 5, 0, '9.00'),
(259, '2015-02-17', 6, 0, '6.50'),
(260, '2015-02-17', 7, 2, '6.50'),
(261, '2015-02-17', 8, 0, '7.50'),
(262, '2015-02-17', 9, 1, '30.00'),
(263, '2015-02-17', 10, 2, '12.00'),
(264, '2015-02-17', 11, 0, '30.00'),
(265, '2015-02-17', 12, 1, '6.00'),
(266, '2015-02-17', 13, 2, '2.00'),
(267, '2015-02-17', 14, 6, '2.00'),
(268, '2015-02-17', 15, 5, '2.00'),
(269, '2015-02-18', 1, 3, '10.00'),
(270, '2015-02-18', 2, 5, '25.00'),
(271, '2015-02-18', 3, 5, '12.00'),
(272, '2015-02-18', 4, 1, '10.00'),
(273, '2015-02-18', 5, 0, '9.00'),
(274, '2015-02-18', 6, 0, '6.50'),
(275, '2015-02-18', 7, 3, '6.50'),
(276, '2015-02-18', 8, 2, '7.50'),
(277, '2015-02-18', 9, 1, '30.00'),
(278, '2015-02-18', 10, 1, '12.00'),
(279, '2015-02-18', 11, 1, '30.00'),
(280, '2015-02-18', 12, 1, '6.00'),
(281, '2015-02-18', 13, 1, '2.00'),
(282, '2015-02-18', 14, 3, '2.00'),
(283, '2015-02-18', 15, 2, '2.00'),
(284, '2015-02-19', 1, 5, '10.00'),
(285, '2015-02-19', 2, 3, '25.00'),
(286, '2015-02-19', 3, 5, '12.00'),
(287, '2015-02-19', 4, 2, '10.00'),
(288, '2015-02-19', 5, 1, '9.00'),
(289, '2015-02-19', 6, 1, '6.50'),
(290, '2015-02-19', 7, 1, '6.50'),
(291, '2015-02-19', 8, 0, '7.50'),
(292, '2015-02-19', 9, 0, '30.00'),
(293, '2015-02-19', 10, 2, '12.00'),
(294, '2015-02-19', 11, 2, '30.00'),
(295, '2015-02-19', 12, 0, '6.00'),
(296, '2015-02-19', 13, 3, '2.00'),
(297, '2015-02-19', 14, 5, '2.00'),
(298, '2015-02-19', 15, 4, '3.00'),
(299, '2015-02-20', 1, 4, '10.00'),
(300, '2015-02-20', 2, 2, '25.00'),
(301, '2015-02-20', 3, 3, '12.00'),
(302, '2015-02-20', 4, 5, '10.00'),
(303, '2015-02-20', 5, 3, '9.00'),
(304, '2015-02-20', 6, 3, '6.50'),
(305, '2015-02-20', 7, 5, '6.50'),
(306, '2015-02-20', 8, 6, '7.50'),
(307, '2015-02-20', 9, 0, '30.00'),
(308, '2015-02-20', 10, 3, '12.00'),
(309, '2015-02-20', 11, 1, '30.00'),
(310, '2015-02-20', 12, 3, '6.00'),
(311, '2015-02-20', 13, 6, '2.00'),
(312, '2015-02-20', 14, 4, '2.00'),
(313, '2015-02-20', 15, 8, '3.00'),
(314, '2015-02-21', 1, 1, '10.00'),
(315, '2015-02-21', 2, 1, '25.00'),
(316, '2015-02-21', 3, 3, '12.00'),
(317, '2015-02-21', 4, 3, '10.00'),
(318, '2015-02-21', 5, 2, '9.00'),
(319, '2015-02-21', 6, 3, '6.50'),
(320, '2015-02-21', 7, 2, '6.50'),
(321, '2015-02-21', 8, 0, '7.50'),
(322, '2015-02-21', 9, 0, '30.00'),
(323, '2015-02-21', 10, 2, '12.00'),
(324, '2015-02-21', 11, 0, '30.00'),
(325, '2015-02-21', 12, 0, '6.00'),
(326, '2015-02-21', 13, 2, '2.00'),
(327, '2015-02-21', 14, 3, '2.00'),
(328, '2015-02-21', 15, 2, '3.00'),
(329, '2015-02-22', 1, 2, '10.00'),
(330, '2015-02-22', 2, 2, '25.00'),
(331, '2015-02-22', 3, 3, '12.00'),
(332, '2015-02-22', 4, 0, '10.00'),
(333, '2015-02-22', 5, 1, '9.00'),
(334, '2015-02-22', 6, 2, '6.50'),
(335, '2015-02-22', 7, 0, '6.50'),
(336, '2015-02-22', 8, 0, '7.50'),
(337, '2015-02-22', 9, 0, '30.00'),
(338, '2015-02-22', 10, 0, '12.00'),
(339, '2015-02-22', 11, 0, '30.00'),
(340, '2015-02-22', 12, 1, '6.00'),
(341, '2015-02-22', 13, 0, '2.00'),
(342, '2015-02-22', 14, 1, '2.00'),
(343, '2015-02-22', 15, 3, '3.00'),
(344, '2015-02-23', 1, 8, '10.00'),
(345, '2015-02-23', 2, 6, '25.00'),
(346, '2015-02-23', 3, 2, '12.00'),
(347, '2015-02-23', 4, 2, '10.00'),
(348, '2015-02-23', 5, 1, '9.00'),
(349, '2015-02-23', 6, 1, '6.50'),
(350, '2015-02-23', 7, 3, '6.50'),
(351, '2015-02-23', 8, 0, '7.50'),
(352, '2015-02-23', 9, 2, '30.00'),
(353, '2015-02-23', 10, 1, '12.00'),
(354, '2015-02-23', 11, 0, '30.00'),
(355, '2015-02-23', 12, 0, '6.00'),
(356, '2015-02-23', 13, 2, '2.00'),
(357, '2015-02-23', 14, 1, '2.00'),
(358, '2015-02-23', 15, 3, '3.00'),
(359, '2015-02-24', 1, 4, '10.00'),
(360, '2015-02-24', 2, 2, '25.00'),
(361, '2015-02-24', 3, 6, '12.00'),
(362, '2015-02-24', 4, 1, '10.00'),
(363, '2015-02-24', 5, 2, '9.00'),
(364, '2015-02-24', 6, 1, '6.50'),
(365, '2015-02-24', 7, 2, '6.50'),
(366, '2015-02-24', 8, 1, '7.50'),
(367, '2015-02-24', 9, 1, '30.00'),
(368, '2015-02-24', 10, 2, '12.00'),
(369, '2015-02-24', 11, 0, '30.00'),
(370, '2015-02-24', 12, 1, '6.00'),
(371, '2015-02-24', 13, 5, '2.00'),
(372, '2015-02-24', 14, 3, '2.00'),
(373, '2015-02-24', 15, 7, '2.00'),
(374, '2015-02-25', 1, 8, '10.00'),
(375, '2015-02-25', 2, 6, '25.00'),
(376, '2015-02-25', 3, 7, '12.00'),
(377, '2015-02-25', 4, 5, '10.00'),
(378, '2015-02-25', 5, 4, '9.00'),
(379, '2015-02-25', 6, 6, '6.50'),
(380, '2015-02-25', 7, 8, '6.50'),
(381, '2015-02-25', 8, 5, '7.50'),
(382, '2015-02-25', 9, 3, '30.00'),
(383, '2015-02-25', 10, 7, '12.00'),
(384, '2015-02-25', 11, 1, '30.00'),
(385, '2015-02-25', 12, 4, '6.00'),
(386, '2015-02-25', 13, 2, '2.00'),
(387, '2015-02-25', 14, 8, '2.00'),
(388, '2015-02-25', 15, 5, '2.00'),
(389, '2015-02-26', 1, 8, '10.00'),
(390, '2015-02-26', 2, 8, '25.00'),
(391, '2015-02-26', 3, 5, '12.00'),
(392, '2015-02-26', 4, 3, '10.00'),
(393, '2015-02-26', 5, 7, '9.00'),
(394, '2015-02-26', 6, 3, '6.50'),
(395, '2015-02-26', 7, 7, '6.50'),
(396, '2015-02-26', 8, 4, '7.50'),
(397, '2015-02-26', 9, 3, '30.00'),
(398, '2015-02-26', 10, 8, '12.00'),
(399, '2015-02-26', 11, 0, '30.00'),
(400, '2015-02-26', 12, 3, '6.00'),
(401, '2015-02-26', 13, 2, '2.00'),
(402, '2015-02-26', 14, 3, '2.00'),
(403, '2015-02-26', 15, 1, '3.00'),
(404, '2015-02-27', 1, 8, '10.00'),
(405, '2015-02-27', 2, 5, '25.00'),
(406, '2015-02-27', 3, 3, '12.00'),
(407, '2015-02-27', 4, 12, '10.00'),
(408, '2015-02-27', 5, 9, '9.00'),
(409, '2015-02-27', 6, 6, '6.50'),
(410, '2015-02-27', 7, 18, '6.50'),
(411, '2015-02-27', 8, 3, '7.50'),
(412, '2015-02-27', 9, 4, '30.00'),
(413, '2015-02-27', 10, 12, '12.00'),
(414, '2015-02-27', 11, 5, '30.00'),
(415, '2015-02-27', 12, 3, '6.00'),
(416, '2015-02-27', 13, 1, '2.00'),
(417, '2015-02-27', 14, 3, '2.00'),
(418, '2015-02-27', 15, 1, '3.00'),
(419, '2015-02-28', 1, 3, '10.00'),
(420, '2015-02-28', 2, 2, '25.00'),
(421, '2015-02-28', 3, 4, '12.00'),
(422, '2015-02-28', 4, 5, '10.00'),
(423, '2015-02-28', 5, 6, '9.00'),
(424, '2015-02-28', 6, 3, '6.50'),
(425, '2015-02-28', 7, 4, '6.50'),
(426, '2015-02-28', 8, 6, '7.50'),
(427, '2015-02-28', 9, 2, '30.00'),
(428, '2015-02-28', 10, 9, '12.00'),
(429, '2015-02-28', 11, 4, '30.00'),
(430, '2015-02-28', 12, 7, '6.00'),
(431, '2015-02-28', 13, 6, '2.00'),
(432, '2015-02-28', 14, 8, '2.00'),
(433, '2015-02-28', 15, 8, '3.00'),
(434, '2015-01-03', 1, 4, '10.00'),
(435, '2015-01-03', 2, 3, '25.00'),
(436, '2015-01-03', 3, 3, '12.00'),
(437, '2015-01-03', 4, 5, '10.00'),
(438, '2015-01-03', 5, 4, '9.00'),
(439, '2015-01-03', 6, 2, '6.50'),
(440, '2015-01-03', 7, 3, '6.50'),
(441, '2015-01-03', 8, 0, '7.50'),
(442, '2015-01-03', 9, 1, '30.00'),
(443, '2015-01-03', 10, 4, '12.00'),
(444, '2015-01-03', 11, 3, '30.00'),
(445, '2015-01-03', 12, 6, '6.00'),
(446, '2015-01-03', 13, 4, '2.00'),
(447, '2015-01-03', 14, 5, '2.00'),
(448, '2015-01-03', 15, 12, '3.00'),
(449, '2015-10-15', NULL, 3, '12'),
(450, '0000-00-00', NULL, 11, '10'),
(451, '0000-00-00', NULL, 4, '10'),
(452, '2015-10-31', NULL, 4, '3'),
(453, '0000-00-00', NULL, 5, '4'),
(454, '2015-10-31', NULL, 2, '1');

-- --------------------------------------------------------

--
-- Table structure for table `stock_purchases_csv`
--

CREATE TABLE IF NOT EXISTS `stock_purchases_csv` (
  `shop` varchar(45) NOT NULL,
  `date` date NOT NULL,
  `item` varchar(45) NOT NULL,
  `quantity` int(11) NOT NULL,
  `cost` decimal(10,2) NOT NULL,
  `total_cost` decimal(10,2) NOT NULL
) ENGINE=InnoDB DEFAULT CHARSET=latin1;

--
-- Dumping data for table `stock_purchases_csv`
--

INSERT INTO `stock_purchases_csv` (`shop`, `date`, `item`, `quantity`, `cost`, `total_cost`) VALUES
('Makro', '2015-01-23', 'Chakalaka Can', 3, 7.00, 21.00),
('Makro', '2015-01-23', 'Coke 500ml', 3, 3.50, 10.50),
('Makro', '2015-01-23', 'Cream Soda 500ml', 4, 4.50, 18.00),
('Makro', '2015-01-23', 'Fanta 500ml', 2, 4.50, 9.00),
('Makro', '2015-01-23', 'Gold Dish Vegetable Curry Can', 2, 5.00, 10.00),
('Makro', '2015-01-23', 'Imasi', 1, 17.00, 17.00),
('Makro', '2015-01-23', 'Iwisa Pap 5kg', 3, 20.00, 60.00),
('Makro', '2015-01-23', 'Milk 1l', 4, 7.00, 28.00),
('Makro', '2015-01-23', 'Top Class Soy Mince', 5, 8.00, 40.00),
('Epping Market', '2015-01-28', 'Bananas - loose', 4, 1.00, 4.00),
('Epping Market', '2015-01-28', 'Apples - loose', 10, 1.50, 15.00),
('Epping Market', '2015-01-28', 'Mixed Sweets 5s', 60, 3.00, 180.00),
('HomeMade', '2015-01-28', 'Shampoo 1 litre', 1, 20.00, 20.00),
('HomeMade', '2015-01-28', 'Soap Bar', 3, 3.00, 9.00),
('Makro', '2015-01-28', 'Bread', 30, 9.00, 270.00),
('Makro', '2015-01-28', 'Chakalaka Can', 15, 7.00, 105.00),
('Makro', '2015-01-28', 'Coke 500ml', 36, 3.50, 126.00),
('Makro', '2015-01-28', 'Cream Soda 500ml', 24, 4.50, 108.00),
('Makro', '2015-01-28', 'Fanta 500ml', 24, 4.50, 108.00),
('Makro', '2015-01-28', 'Gold Dish Vegetable Curry Can', 15, 5.00, 75.00),
('Makro', '2015-01-28', 'Imasi', 15, 17.00, 255.00),
('Makro', '2015-01-28', 'Iwisa Pap 5kg', 15, 20.00, 300.00),
('Makro', '2015-01-28', 'Milk 1l', 25, 7.00, 175.00),
('Makro', '2015-01-28', 'Top Class Soy Mince', 10, 8.00, 80.00),
('HomeMade', '2015-02-02', 'Shampoo 1 litre', 1, 20.00, 20.00),
('HomeMade', '2015-02-02', 'Soap Bar', 3, 3.00, 9.00),
('Epping Market', '2015-02-03', 'Bananas - loose', 12, 1.00, 12.00),
('Epping Market', '2015-02-03', 'Apples - loose', 100, 1.50, 150.00),
('Epping Market', '2015-02-03', 'Mixed Sweets 5s', 240, 3.00, 720.00),
('HomeMade', '2015-02-04', 'Shampoo 1 litre', 2, 20.00, 40.00),
('HomeMade', '2015-02-04', 'Soap Bar', 5, 3.00, 15.00),
('Joe Spaza Shop', '2015-02-04', 'Bread', 4, 11.00, 44.00),
('Joe Spaza Shop', '2015-02-04', 'Imasi', 4, 24.00, 96.00),
('Epping Market', '2015-02-06', 'Bananas - loose', 8, 1.00, 8.00),
('Epping Market', '2015-02-06', 'Apples - loose', 100, 1.50, 150.00),
('Epping Market', '2015-02-06', 'Mixed Sweets 5s', 150, 3.00, 450.00),
('HomeMade', '2015-02-06', 'Soap Bar', 5, 3.00, 15.00),
('Makro', '2015-02-06', 'Bread', 30, 9.00, 270.00),
('Makro', '2015-02-06', 'Chakalaka Can', 15, 7.00, 105.00),
('Makro', '2015-02-06', 'Coke 500ml', 36, 3.50, 126.00),
('Makro', '2015-02-06', 'Cream Soda 500ml', 18, 4.50, 81.00),
('Makro', '2015-02-06', 'Fanta 500ml', 24, 4.50, 108.00),
('Makro', '2015-02-06', 'Gold Dish Vegetable Curry Can', 15, 5.00, 75.00),
('Makro', '2015-02-06', 'Imasi', 25, 17.00, 425.00),
('Makro', '2015-02-06', 'Iwisa Pap 5kg', 5, 20.00, 100.00),
('Makro', '2015-02-06', 'Milk 1l', 10, 7.00, 70.00),
('Makro', '2015-02-06', 'Top Class Soy Mince', 10, 8.00, 80.00),
('ChinaTown', '2015-02-09', 'Rose (plastic)', 20, 10.00, 200.00),
('Joe Spaza Shop', '2015-02-09', 'Milk 1l', 3, 9.50, 28.50),
('Epping Market', '2015-02-10', 'Bananas - loose', 4, 1.00, 4.00),
('Epping Market', '2015-02-10', 'Apples - loose', 20, 1.50, 30.00),
('Epping Market', '2015-02-10', 'Mixed Sweets 5s', 150, 3.00, 450.00),
('Makro', '2015-02-10', 'Bread', 10, 9.00, 90.00),
('Makro', '2015-02-10', 'Chakalaka Can', 15, 7.00, 105.00),
('Makro', '2015-02-10', 'Coke 500ml', 18, 3.50, 63.00),
('Makro', '2015-02-10', 'Gold Dish Vegetable Curry Can', 5, 5.00, 25.00),
('Makro', '2015-02-10', 'Heart Chocolates', 20, 25.00, 500.00),
('Makro', '2015-02-10', 'Imasi', 10, 17.00, 170.00),
('Makro', '2015-02-10', 'Iwisa Pap 5kg', 5, 20.00, 100.00),
('Makro', '2015-02-10', 'Milk 1l', 10, 7.00, 70.00),
('Makro', '2015-02-10', 'Top Class Soy Mince', 15, 8.00, 120.00),
('HomeMade', '2015-02-11', 'Shampoo 1 litre', 2, 20.00, 40.00),
('HomeMade', '2015-02-11', 'Valentine Cards', 20, 2.00, 40.00),
('Joe Spaza Shop', '2015-02-12', 'Milk 1l', 3, 9.50, 28.50),
('Epping Market', '2015-02-13', 'Bananas - loose', 4, 1.00, 4.00),
('Epping Market', '2015-02-13', 'Mixed Sweets 5s', 50, 3.00, 150.00),
('HomeMade', '2015-02-13', 'Shampoo 1 litre', 3, 20.00, 60.00),
('HomeMade', '2015-02-13', 'Soap Bar', 5, 3.00, 15.00),
('Joe Spaza Shop', '2015-02-13', 'Gold Dish Vegetable Curry Can', 5, 8.50, 42.50),
('Makro', '2015-02-13', 'Bread', 5, 9.00, 45.00),
('Makro', '2015-02-13', 'Coke 500ml', 12, 3.50, 42.00),
('Makro', '2015-02-13', 'Fanta 500ml', 12, 4.50, 54.00),
('Makro', '2015-02-13', 'Imasi', 20, 17.00, 340.00),
('Makro', '2015-02-13', 'Milk 1l', 15, 7.00, 105.00),
('Makro', '2015-02-13', 'Top Class Soy Mince', 5, 8.00, 40.00),
('HomeMade', '2015-02-14', 'Shampoo 1 litre', 1, 20.00, 20.00),
('Joe Spaza Shop', '2015-02-14', 'Gold Dish Vegetable Curry Can', 2, 8.50, 17.00),
('Joe Spaza Shop', '2015-02-16', 'Chakalaka Can', 2, 8.50, 17.00),
('Joe Spaza Shop', '2015-02-16', 'Cream Soda 500ml', 2, 7.50, 15.00),
('Joe Spaza Shop', '2015-02-16', 'Fanta 500ml', 1, 6.50, 6.50),
('Joe Spaza Shop', '2015-02-16', 'Gold Dish Vegetable Curry Can', 2, 8.50, 17.00),
('Joe Spaza Shop', '2015-02-16', 'Iwisa Pap 5kg', 1, 30.00, 30.00),
('Joe Spaza Shop', '2015-02-16', 'Milk 1l', 6, 9.50, 57.00),
('Epping Market', '2015-02-17', 'Apples - loose', 60, 1.50, 90.00),
('Epping Market', '2015-02-17', 'Mixed Sweets 5s', 12, 3.00, 36.00),
('Makro', '2015-02-17', 'Bread', 15, 9.00, 135.00),
('Makro', '2015-02-17', 'Chakalaka Can', 10, 7.00, 70.00),
('Makro', '2015-02-17', 'Coke 500ml', 24, 3.50, 84.00),
('Makro', '2015-02-17', 'Cream Soda 500ml', 12, 4.50, 54.00),
('Makro', '2015-02-17', 'Fanta 500ml', 12, 4.50, 54.00),
('Makro', '2015-02-17', 'Gold Dish Vegetable Curry Can', 10, 5.00, 50.00),
('Makro', '2015-02-17', 'Imasi', 15, 17.00, 255.00),
('Makro', '2015-02-17', 'Iwisa Pap 5kg', 5, 20.00, 100.00),
('Makro', '2015-02-17', 'Milk 1l', 15, 7.00, 105.00),
('Makro', '2015-02-17', 'Top Class Soy Mince', 5, 8.00, 40.00),
('HomeMade', '2015-02-18', 'Shampoo 1 litre', 1, 20.00, 20.00),
('HomeMade', '2015-02-18', 'Soap Bar', 5, 3.00, 15.00),
('HomeMade', '2015-02-19', 'Shampoo 1 litre', 2, 20.00, 40.00),
('Joe Spaza Shop', '2015-02-19', 'Milk 1l', 1, 9.50, 9.50),
('Epping Market', '2015-02-20', 'Bananas - loose', 20, 1.00, 20.00),
('Epping Market', '2015-02-20', 'Apples - loose', 90, 1.50, 135.00),
('Epping Market', '2015-02-20', 'Mixed Sweets 5s', 20, 3.00, 60.00),
('HomeMade', '2015-02-20', 'Shampoo 1 litre', 2, 20.00, 40.00),
('HomeMade', '2015-02-20', 'Soap Bar', 3, 3.00, 9.00),
('Makro', '2015-02-20', 'Bread', 10, 9.00, 90.00),
('Makro', '2015-02-20', 'Imasi', 10, 17.00, 170.00),
('Makro', '2015-02-20', 'Iwisa Pap 5kg', 5, 20.00, 100.00),
('Makro', '2015-02-20', 'Milk 1l', 15, 7.00, 105.00),
('Makro', '2015-02-20', 'Top Class Soy Mince', 10, 8.00, 80.00),
('Joe Spaza Shop', '2015-02-23', 'Chakalaka Can', 3, 9.00, 27.00),
('Epping Market', '2015-02-24', 'Bananas - loose', 10, 1.00, 10.00),
('Epping Market', '2015-02-24', 'Apples - loose', 90, 1.50, 135.00),
('Epping Market', '2015-02-24', 'Mixed Sweets 5s', 8, 3.00, 24.00),
('Makro', '2015-02-24', 'Bread', 15, 9.00, 135.00),
('Makro', '2015-02-24', 'Chakalaka Can', 10, 7.00, 70.00),
('Makro', '2015-02-24', 'Coke 500ml', 18, 3.50, 63.00),
('Makro', '2015-02-24', 'Cream Soda 500ml', 6, 4.50, 27.00),
('Makro', '2015-02-24', 'Fanta 500ml', 6, 4.50, 27.00),
('Makro', '2015-02-24', 'Gold Dish Vegetable Curry Can', 10, 5.00, 50.00),
('Makro', '2015-02-24', 'Imasi', 15, 17.00, 255.00),
('Makro', '2015-02-24', 'Milk 1l', 20, 7.00, 140.00),
('Makro', '2015-02-24', 'Top Class Soy Mince', 15, 8.00, 120.00),
('HomeMade', '2015-02-25', 'Soap Bar', 5, 3.00, 15.00),
('HomeMade', '2015-02-26', 'Shampoo 1 litre', 2, 20.00, 40.00),
('HomeMade', '2015-02-26', 'Soap Bar', 5, 3.00, 15.00),
('Joe Spaza Shop', '2015-02-26', 'Bread', 1, 11.00, 11.00),
('Joe Spaza Shop', '2015-02-26', 'Fanta 500ml', 2, 6.50, 13.00),
('Joe Spaza Shop', '2015-02-26', 'Gold Dish Vegetable Curry Can', 1, 8.50, 8.50),
('Joe Spaza Shop', '2015-02-26', 'Iwisa Pap 5kg', 1, 30.00, 30.00),
('Epping Market', '2015-02-27', 'Bananas - loose', 10, 1.00, 10.00),
('Epping Market', '2015-02-27', 'Apples - loose', 60, 1.50, 90.00),
('HomeMade', '2015-02-27', 'Shampoo 1 litre', 5, 20.00, 100.00),
('HomeMade', '2015-02-27', 'Soap Bar', 5, 3.00, 15.00),
('Makro', '2015-02-27', 'Bread', 20, 9.00, 180.00),
('Makro', '2015-02-27', 'Chakalaka Can', 15, 7.00, 105.00),
('Makro', '2015-02-27', 'Coke 500ml', 24, 3.50, 84.00),
('Makro', '2015-02-27', 'Cream Soda 500ml', 12, 4.50, 54.00),
('Makro', '2015-02-27', 'Fanta 500ml', 12, 4.50, 54.00),
('Makro', '2015-02-27', 'Gold Dish Vegetable Curry Can', 15, 5.00, 75.00),
('Makro', '2015-02-27', 'Imasi', 15, 17.00, 255.00),
('Makro', '2015-02-27', 'Iwisa Pap 5kg', 10, 20.00, 200.00),
('Makro', '2015-02-27', 'Milk 1l', 20, 7.00, 140.00),
('Makro', '2015-02-27', 'Top Class Soy Mince', 15, 8.00, 120.00),
('HomeMade', '2015-02-28', 'Shampoo 1 litre', 2, 20.00, 40.00),
('HomeMade', '2015-02-28', 'Soap Bar', 3, 3.00, 9.00),
('Joe Spaza Shop', '2015-02-28', 'Chakalaka Can', 3, 8.50, 25.50),
('Joe Spaza Shop', '2015-02-28', 'Gold Dish Vegetable Curry Can', 2, 8.50, 17.00),
('Joe Spaza Shop', '2015-02-28', 'Top Class Soy Mince', 5, 11.00, 55.00),
('HomeMade', '2015-03-01', 'Shampoo 1 litre', 2, 20.00, 40.00),
('HomeMade', '2015-03-01', 'Soap Bar', 5, 3.00, 15.00),
('Joe Spaza Shop', '2015-03-01', 'Chakalaka Can', 3, 8.50, 25.50),
('Joe Spaza Shop', '2015-03-01', 'Gold Dish Vegetable Curry Can', 2, 8.50, 17.00),
('Joe Spaza Shop', '2015-03-01', 'Top Class Soy Mince', 3, 11.00, 33.00);

-- --------------------------------------------------------

--
-- Table structure for table `Suppliers_td`
--

CREATE TABLE IF NOT EXISTS `Suppliers_td` (
  `id` int(11) NOT NULL,
  `Supplier_name` char(50) DEFAULT NULL
) ENGINE=InnoDB AUTO_INCREMENT=6 DEFAULT CHARSET=latin1;

--
-- Dumping data for table `Suppliers_td`
--

INSERT INTO `Suppliers_td` (`id`, `Supplier_name`) VALUES
(1, 'Makro'),
(2, 'Epping Market'),
(3, 'HomeMade'),
(4, 'Joe Spaza Shop'),
(5, 'ChinaTown');

--
-- Indexes for dumped tables
--

--
-- Indexes for table `Categories_td`
--
ALTER TABLE `Categories_td`
  ADD PRIMARY KEY (`id`);

--
-- Indexes for table `Products_td`
--
ALTER TABLE `Products_td`
  ADD PRIMARY KEY (`id`),
  ADD KEY `Category_id` (`Category_id`);

--
-- Indexes for table `Purchases_td`
--
ALTER TABLE `Purchases_td`
  ADD PRIMARY KEY (`id`),
  ADD KEY `Product_id` (`Product_id`),
  ADD KEY `Supplier_id` (`Supplier_id`);

--
-- Indexes for table `Sales_td`
--
ALTER TABLE `Sales_td`
  ADD PRIMARY KEY (`id`),
  ADD KEY `Product_id` (`Product_id`);

--
-- Indexes for table `Suppliers_td`
--
ALTER TABLE `Suppliers_td`
  ADD PRIMARY KEY (`id`);

--
-- AUTO_INCREMENT for dumped tables
--

--
-- AUTO_INCREMENT for table `Categories_td`
--
ALTER TABLE `Categories_td`
  MODIFY `id` int(11) NOT NULL AUTO_INCREMENT,AUTO_INCREMENT=13;
--
-- AUTO_INCREMENT for table `Products_td`
--
ALTER TABLE `Products_td`
  MODIFY `id` int(11) NOT NULL AUTO_INCREMENT,AUTO_INCREMENT=133;
--
-- AUTO_INCREMENT for table `Purchases_td`
--
ALTER TABLE `Purchases_td`
  MODIFY `id` int(11) NOT NULL AUTO_INCREMENT,AUTO_INCREMENT=154;
--
-- AUTO_INCREMENT for table `Sales_td`
--
ALTER TABLE `Sales_td`
  MODIFY `id` int(11) NOT NULL AUTO_INCREMENT,AUTO_INCREMENT=455;
--
-- AUTO_INCREMENT for table `Suppliers_td`
--
ALTER TABLE `Suppliers_td`
  MODIFY `id` int(11) NOT NULL AUTO_INCREMENT,AUTO_INCREMENT=6;
--
-- Constraints for dumped tables
--

--
-- Constraints for table `Products_td`
--
ALTER TABLE `Products_td`
  ADD CONSTRAINT `Category_id` FOREIGN KEY (`Category_id`) REFERENCES `Categories_td` (`id`),
  ADD CONSTRAINT `Products_td_ibfk_1` FOREIGN KEY (`Category_id`) REFERENCES `Categories_td` (`id`),
  ADD CONSTRAINT `Products_td_ibfk_2` FOREIGN KEY (`Category_id`) REFERENCES `Categories_td` (`id`),
  ADD CONSTRAINT `fk_Category_id` FOREIGN KEY (`Category_id`) REFERENCES `Categories_td` (`id`);

--
-- Constraints for table `Purchases_td`
--
ALTER TABLE `Purchases_td`
  ADD CONSTRAINT `Purchases_td_ibfk_2` FOREIGN KEY (`Supplier_id`) REFERENCES `Suppliers_td` (`id`);

/*!40101 SET CHARACTER_SET_CLIENT=@OLD_CHARACTER_SET_CLIENT */;
/*!40101 SET CHARACTER_SET_RESULTS=@OLD_CHARACTER_SET_RESULTS */;
/*!40101 SET COLLATION_CONNECTION=@OLD_COLLATION_CONNECTION */;
